date,contribution_count
2026-06-06,1
2026-06-07,1
2026-06-08,16
2026-06-09,14
2026-06-10,8
2026-06-11,52
2026-06-12,21
2026-06-13,1
2026-06-14,7
2026-06-15,21
2026-06-16,27
2026-06-17,12
2026-06-18,9
2026-06-19,18
2026-06-20,1
2026-06-21,1
2026-06-22,12
2026-06-23,5
2026-06-24,10
2026-06-25,17
2026-06-26,14
2026-06-27,2
2026-06-28,2
2026-06-29,10
2026-06-30,7
2026-07-01,7
2026-07-02,9
2026-07-03,10
2026-07-04,2
2026-07-05,1
2026-07-06,11
2026-07-07,4
2026-07-08,8
2026-07-09,29
2026-07-10,16
2026-07-11,1
2026-07-12,1
2026-07-13,17
2026-07-14,42
2026-07-15,30
2026-07-16,63
2026-07-17,33
2026-07-18,1
2026-07-19,1
2026-07-20,12
2026-07-21,1
2026-07-22,1
2026-07-23,1
2026-07-24,1
2026-07-25,1
2026-07-26,1
2026-07-27,1
2026-07-28,1
2026-07-29,1
2026-07-30,1
2026-07-31,1
2026-08-01,1
2026-08-02,1
2026-08-03,1
2026-08-04,2
2026-08-05,2
2026-08-06,1
2026-08-07,1
2026-08-08,1
2026-08-09,1
2026-08-10,3
2026-08-11,11
2026-08-12,7
2026-08-13,2
2026-08-14,1
2026-08-15,1
2026-08-16,3
2026-08-17,1
2026-08-18,1
2026-08-19,2
2026-08-20,3
2026-08-21,4
2026-08-22,1
2026-08-23,4
2026-08-24,4
2026-08-25,4
2026-08-26,1
2026-08-27,5
2026-08-28,4
2026-08-29,6
2026-08-30,21
2026-08-31,32
2026-09-01,23
2026-09-02,11
2026-09-03,15
