date,commit_count
2025-08-18,0
2025-08-19,10
2025-08-20,4
2025-08-21,16
2025-08-22,7
2025-08-23,0
2025-08-24,0
2025-08-25,0
2025-08-26,0
2025-08-27,0
2025-08-28,0
2025-08-29,0
2025-08-30,0
2025-08-31,0
2025-09-01,0
2025-09-02,0
2025-09-03,2
2025-09-04,0
2025-09-05,0
2025-09-06,0
2025-09-07,0
2025-09-08,0
2025-09-09,0
2025-09-10,3
2025-09-11,21
2025-09-12,1
2025-09-13,3
2025-09-14,4
2025-09-15,0
2025-09-16,0
2025-09-17,0
2025-09-18,0
2025-09-19,0
2025-09-20,0
2025-09-21,2
2025-09-22,0
2025-09-23,0
2025-09-24,2
2025-09-25,1
2025-09-26,0
2025-09-27,0
2025-09-28,0
2025-09-29,0
2025-09-30,0
2025-10-01,1
2025-10-02,3
2025-10-03,5
2025-10-04,0
2025-10-05,1
2025-10-06,0
2025-10-07,0
2025-10-08,0
2025-10-09,0
2025-10-10,0
2025-10-11,0
2025-10-12,0
2025-10-13,0
2025-10-14,0
2025-10-15,0
2025-10-16,5
2025-10-17,2
2025-10-18,8
2025-10-19,9
2025-10-20,14
2025-10-21,1
2025-10-22,1
2025-10-23,2
2025-10-24,2
2025-10-25,1
2025-10-26,0
2025-10-27,0
2025-10-28,4
2025-10-29,0
2025-10-30,0
2025-10-31,2
2025-11-01,0
2025-11-02,0
2025-11-03,1
2025-11-04,6
2025-11-05,0
2025-11-06,0
2025-11-07,0
2025-11-08,0
2025-11-09,0
2025-11-10,0
2025-11-11,0
2025-11-12,0
2025-11-13,9
2025-11-14,0
2025-11-15,0
2025-11-16,0
2025-11-17,2
2025-11-18,0
2025-11-19,0
2025-11-20,20
2025-11-21,2
2025-11-22,0
2025-11-23,2
2025-11-24,0
2025-11-25,0
2025-11-26,0
2025-11-27,0
2025-11-28,0
2025-11-29,0
2025-11-30,1
2025-12-01,0
2025-12-02,5
2025-12-03,0
2025-12-04,0
2025-12-05,0
2025-12-06,0
2025-12-07,0
2025-12-08,0
2025-12-09,0
2025-12-10,0
2025-12-11,0
2025-12-12,0
2025-12-13,0
2025-12-14,0
2025-12-15,0
2025-12-16,0
2025-12-17,0
2025-12-18,4
2025-12-19,0
2025-12-20,0
2025-12-21,0
2025-12-22,0
2025-12-23,0
2025-12-24,0
2025-12-25,0
2025-12-26,1
2025-12-27,0
2025-12-28,0
2025-12-29,0
2025-12-30,0
2025-12-31,0
2026-01-01,0
2026-01-02,0
2026-01-03,0
2026-01-04,0
2026-01-05,0
2026-01-06,0
2026-01-07,0
2026-01-08,0
2026-01-09,0
2026-01-10,0
2026-01-11,0
2026-01-12,0
2026-01-13,0
2026-01-14,0
2026-01-15,0
2026-01-16,0
2026-01-17,0
2026-01-18,0
2026-01-19,0
2026-01-20,0
2026-01-21,0
2026-01-22,0
2026-01-23,0
2026-01-24,17
2026-01-25,10
2026-01-26,5
2026-01-27,0
2026-01-28,0
2026-01-29,0
2026-01-30,0
2026-01-31,1
2026-02-01,0
2026-02-02,0
2026-02-03,0
2026-02-04,0
2026-02-05,1
2026-02-06,0
2026-02-07,0
2026-02-08,0
2026-02-09,1
2026-02-10,0
2026-02-11,0
2026-02-12,0
2026-02-13,8
